Annual Distance (miles/vehicle),2020.0
LDVs,11013.675628894
HDVs,5070.403422018
aircraft,1347024.607190932
rail,262285.200956938
ships,188.201627059
motorbikes,1872.315155797
