Annual Distance (miles/vehicle),2020.0
LDVs,9870.375432686
HDVs,19794.559998263
aircraft,1247074.663037539
rail,10950.361371218
ships,81309.074441337
motorbikes,0.0
