Annual Distance (miles/vehicle),2020.0
LDVs,9903.146456771
HDVs,19668.093557247
aircraft,854877.3848433
rail,10880.25950552
ships,81423.665204098
motorbikes,0.0
