Annual Distance (miles/vehicle),2020.0
LDVs,10972.946747217
HDVs,9809.346984059
aircraft,879554.197155691
rail,243145.593301435
ships,200.522952992
motorbikes,2163.373920679
