Annual Distance (miles/vehicle),2020.0
LDVs,9608.954206306
HDVs,18630.047616587
aircraft,1051841.597480024
rail,9939.580396093
ships,77142.652337848
motorbikes,0.0
