Annual Distance (miles/vehicle),2020.0
LDVs,10937.118354879
HDVs,9872.398573328
aircraft,1283072.8389554
rail,262285.200956938
ships,200.045601113
motorbikes,2155.80725507
