solar pv,Hour0,Hour1,Hour2,Hour3,Hour4,Hour5,Hour6,Hour7,Hour8,Hour9,Hour10,Hour11,Hour12,Hour13,Hour14,Hour15,Hour16,Hour17,Hour18,Hour19,Hour20,Hour21,Hour22,Hour23
Winter,0,0,0,0.0,0.0,4.222924387597307e-06,0.039950976168864304,0.19160041385187118,0.2944764824995918,0.3029849713198689,0.284361874770565,0.28549221086497856,0.30838327632868084,0.3198428854751576,0.22373405315856165,0.0627857359740655,0.003890721002439652,0.0,0.0,0,0,0,0,0
Spring,0,0,0,0.00015484056087856793,0.0352922107934304,0.15155195851172648,0.31574101825333806,0.39972970566716387,0.4475516850289611,0.46210581797563216,0.465717298102942,0.4581169139811811,0.44976960010836387,0.4552479647253571,0.41371374382150944,0.3483314372146202,0.18155759583743358,0.03907260789624409,5.8944986243545744e-05,0,0,0,0,0
Summer,0,0,0,0.0027128648738254427,0.08252747063183584,0.2531718810868463,0.39777613796902617,0.47205337344959875,0.5048133565778615,0.5140999879806479,0.5076825181933892,0.5119797482524423,0.5095850588885101,0.4735214464162983,0.4441990612677282,0.3973165511214025,0.28491314438080245,0.10913140888009117,0.006146741502525617,0,0,0,0,0
Fall,0,0,0,0.0,0.0005466725614326787,0.06501820918146287,0.2335313531182351,0.33670916471290757,0.36485085975034853,0.36601452925611677,0.3603593873706167,0.3689270202084099,0.37836110251857086,0.3674024406620843,0.33815280487513777,0.20831143715913097,0.05712197516911851,0.0005334038099415943,0.0,0,0,0,0,0
Summer Peak,0,0,0,0.0,0.03140448102909864,0.03358984439968025,0.151599466411087,0.12699389364602,0.37822974187880914,0.515341058536781,0.5375184497789796,0.5732127181651459,0.5858392620840617,0.5580770533392657,0.27632705730242973,0.10165986642409248,0.04136002527285929,0.023715239540015212,0.0,0,0,0,0,0
Winter Peak,0,0,0,0.0,0.0,0.0,0.00024281815228684514,0.021206118633051142,0.1931213704521375,0.38001040832891264,0.05851917470112968,0.3405119888902525,0.36107059245053874,0.35176256327954303,0.05350093288720154,0.00817487779365712,0.0,0.0,0.0,0,0,0,0,0
