solar pv,Hour0,Hour1,Hour2,Hour3,Hour4,Hour5,Hour6,Hour7,Hour8,Hour9,Hour10,Hour11,Hour12,Hour13,Hour14,Hour15,Hour16,Hour17,Hour18,Hour19,Hour20,Hour21,Hour22,Hour23
Winter,0,0,0,0.0,0.0,3.926922104217233e-06,0.03715064656694712,0.17817034625149217,0.273835404606363,0.28174749815934313,0.2644297716797454,0.26548087782964086,0.2867674135825676,0.29742377119937863,0.20805160551651586,0.05838482335848447,0.0036180042320188106,0.0,0.0,0,0,0,0,0
Spring,0,0,0,0.00014398714382129855,0.03281843337722381,0.14092905323263935,0.2936094208621489,0.3717109928623993,0.41618093136634426,0.4297149047767744,0.4330732412846519,0.42600559960583273,0.41824338357983015,0.4233377469012801,0.38471483178876026,0.3239154422014453,0.16883147100064627,0.036333846769269956,5.4813287704698876e-05,0,0,0,0,0
Summer,0,0,0,0.0025227089241919676,0.07674277796237883,0.23542601400255003,0.36989435882594035,0.43896519483367785,0.4694288948842852,0.47806458777910127,0.47209694506336913,0.47609296444637395,0.4738661287910689,0.4403303644778392,0.4130633069083321,0.3694669863264371,0.26494240051680973,0.10148193584859064,0.005715890899223707,0,0,0,0,0
Fall,0,0,0,0.0,0.0005083540144748975,0.0604608132603992,0.21716217209125346,0.31310782297855444,0.3392769499033071,0.3403590529875171,0.3351003034494298,0.34306739537045994,0.3518402037270533,0.3416496799271792,0.31445027241483786,0.19371002463221376,0.05311805903675812,0.0004960153248031767,0.0,0,0,0,0,0
Summer Peak,0,0,0,0.0,0.02920321071502882,0.031235392903961243,0.14097323110631182,0.11809236497907274,0.35171805069930334,0.4792186665530632,0.4998415524703774,0.5330338615562735,0.5447753586478831,0.5189591182477415,0.25695814788945465,0.09453410478885618,0.038460929575720955,0.022052940050266614,0.0,0,0,0,0,0
Winter Peak,0,0,0,0.0,0.0,0.0,0.0002257980209924909,0.019719693833344206,0.17958469269602775,0.35337390285324827,0.05441732305919031,0.3166440914384697,0.335761657215834,0.32710606641112183,0.049750830625345493,0.007601866706747193,0.0,0.0,0.0,0,0,0,0,0
