pumped hydro,Hour0,Hour1,Hour2,Hour3,Hour4,Hour5,Hour6,Hour7,Hour8,Hour9,Hour10,Hour11,Hour12,Hour13,Hour14,Hour15,Hour16,Hour17,Hour18,Hour19,Hour20,Hour21,Hour22,Hour23
Winter,0,0,0,0,0,0,0.0006377262443438915,0.014429675716440422,0,0,0.0,0.0010082013574660633,0.00017722473604826546,0.0,0.0,0.0,0.008178733031674207,0.19502780920060325,0.3665530731523378,0.314397153092006,0.2023076923076923,0.04770267722473606,0.0017934577677224737,0.0
Spring,0,0,0,0,0,0,0.0,0.0,0,0,0.0,0.0,0.0,0.0,0.0,0.0,0.027694643911076133,0.21220981703718275,0.4164703423175289,0.4558608351367301,0.364701578792052,0.20444619319299623,0.02435262148337596,0.0
Summer,0,0,0,0,0,0,0.0,0.0,0,0,0.0,0.010028526460751525,0.0865648976982097,0.21861228605154434,0.3227609187487703,0.4665816201062362,0.6247921994884905,0.7589298888451692,0.7926193930749547,0.7900950472162097,0.745594383238244,0.5920371827660824,0.15271431733228408,0.011249508164469802
Fall,0,0,0,0,0,0,0.0,0.0,0,0,0.0018294266004005638,0.0008270899784882427,0.013534789704027892,0.018355463244566425,0.03245308211557006,0.06328907351086713,0.23489355389066094,0.48019342036940876,0.5866738372524293,0.5178510496253986,0.35885783695571555,0.12517710110525923,0.028744158445219197,0.0
Summer Peak,0,0,0,0,0,0,0.0,0.0,0,0,0.0,0.0,0.0,0.0,0.15639140271493213,0.49983031674208145,0.569683257918552,0.8256221719457014,0.8256221719457014,0.8256221719457014,0.48947963800904976,0.41487556561085975,0.0,0.0
Winter Peak,0,0,0,0,0,0,0.0,0.0,0,0,0.0,0.0,0.0,0.0,0.0,0.0,0.0,0.0,0.33653846153846156,0.29926470588235293,0.26951357466063347,0.0,0.0,0.0
