solar pv,Hour0,Hour1,Hour2,Hour3,Hour4,Hour5,Hour6,Hour7,Hour8,Hour9,Hour10,Hour11,Hour12,Hour13,Hour14,Hour15,Hour16,Hour17,Hour18,Hour19,Hour20,Hour21,Hour22,Hour23
Winter,0,0,0,0.0,0.0,4.355891901127724e-06,0.041208915330618816,0.19763334939201652,0.3037486839593561,0.31252508015814473,0.29331559687417175,0.29448152393970695,0.3180933619717531,0.32991380062744696,0.23077878283166445,0.0647626748039835,0.0040132284049056765,0.0,0.0,0,0,0,0,0
Spring,0,0,0,0.00015971603637468323,0.03640345908619555,0.15632388555667998,0.3256827776274848,0.41231602267603873,0.46164377602387197,0.4766561759656125,0.4803813710185562,0.47254167307400585,0.46393152674944355,0.46958238901367716,0.42674037721112723,0.3592993733744379,0.18727431246915133,0.040302889815184276,6.080099111990782e-05,0,0,0,0,0
Summer,0,0,0,0.0027982850385520524,0.0851260188322485,0.2611435216927748,0.41030094285608854,0.48691695080977765,0.5207084498024157,0.5302874900132614,0.5236679529090327,0.5281004901494549,0.5256303990351777,0.48843124909195684,0.4581855879653849,0.4098268849654694,0.2938842243489197,0.11256763713212321,0.006340284379188412,0,0,0,0,0
Fall,0,0,0,0.0,0.0005638856783481737,0.06706544205033707,0.24088457105572064,0.34731114957114284,0.3763389441150419,0.37753925416337053,0.37170604843249705,0.38054345092058967,0.3902745848357729,0.3789708668321866,0.3488002457314412,0.21487055385095433,0.05892057876914778,0.0005501991327571986,0.0,0,0,0,0,0
Summer Peak,0,0,0,0.0,0.03239331610471984,0.034647490163553445,0.15637288934056773,0.1309925591966635,0.39013908803442227,0.5315676382442043,0.5544433305449601,0.5912615068392422,0.6042856236236139,0.5756492642836167,0.2850277865502926,0.10486083769981473,0.04266233126162845,0.02446196293474978,0.0,0,0,0,0,0
Winter Peak,0,0,0,0.0,0.0,0.0,0.00025046378431484417,0.021873837163496387,0.19920219645840603,0.3919758224527311,0.06036177201987744,0.3512337135375164,0.37243964727617324,0.3628385355441042,0.05518552047737066,0.008432280738599753,0.0,0.0,0.0,0,0,0,0,0
